,Id_per,horas_experiencia
0,PRS-2001,52
1,PRS-2002,402
2,PRS-2003,482
3,PRS-2004,493
4,PRS-2005,348
5,PRS-2006,490
6,PRS-2007,27
7,PRS-2008,5
8,PRS-2009,66
9,PRS-2010,379
10,PRS-2011,47
11,PRS-2012,112
12,PRS-2013,498
13,PRS-2014,174
14,PRS-2015,101
15,PRS-2016,74
16,PRS-2017,488
17,PRS-2018,360
18,PRS-2019,197
19,PRS-2020,391
20,PRS-2021,385
21,PRS-2022,359
22,PRS-2023,175
23,PRS-2024,280
24,PRS-2025,40
25,PRS-2026,267
26,PRS-2027,266
27,PRS-2028,154
28,PRS-2029,284
29,PRS-2030,404
30,PRS-2031,268
31,PRS-2032,334
32,PRS-2033,216
33,PRS-2034,119
34,PRS-2035,374
35,PRS-2036,220
36,PRS-2037,129
37,PRS-2038,206
38,PRS-2039,473
39,PRS-2040,326
40,PRS-2041,475
41,PRS-2042,93
42,PRS-2043,164
43,PRS-2044,318
44,PRS-2045,498
45,PRS-2046,484
46,PRS-2047,19
47,PRS-2048,42
48,PRS-2049,350
49,PRS-2050,23
50,PRS-2051,232
51,PRS-2052,286
52,PRS-2053,141
53,PRS-2054,45
54,PRS-2055,405
55,PRS-2056,396
56,PRS-2057,225
57,PRS-2058,8
58,PRS-2059,449
59,PRS-2060,267
60,PRS-2061,361
61,PRS-2062,473
62,PRS-2063,370
63,PRS-2064,77
64,PRS-2065,311
65,PRS-2066,385
66,PRS-2067,132
67,PRS-2068,436
68,PRS-2069,277
69,PRS-2070,177
70,PRS-2071,247
71,PRS-2072,435
72,PRS-2073,50
73,PRS-2074,271
74,PRS-2075,125
75,PRS-2076,213
76,PRS-2077,57
77,PRS-2078,314
78,PRS-2079,225
79,PRS-2080,199
80,PRS-2081,329
81,PRS-2082,37
82,PRS-2083,421
83,PRS-2084,53
84,PRS-2085,60
85,PRS-2086,270
86,PRS-2087,478
87,PRS-2088,265
88,PRS-2089,50
89,PRS-2090,150
90,PRS-2091,450
91,PRS-2092,496
92,PRS-2093,107
93,PRS-2094,66
94,PRS-2095,195
95,PRS-2096,163
96,PRS-2097,268
97,PRS-2098,99
98,PRS-2099,422
99,PRS-2100,72
100,PRS-2101,318
101,PRS-2102,422
102,PRS-2103,197
103,PRS-2104,170
104,PRS-2105,76
105,PRS-2106,167
106,PRS-2107,250
107,PRS-2108,153
108,PRS-2109,307
109,PRS-2110,77
110,PRS-2111,462
111,PRS-2112,487
112,PRS-2113,178
113,PRS-2114,62
114,PRS-2115,139
115,PRS-2116,248
116,PRS-2117,464
117,PRS-2118,306
118,PRS-2119,110
119,PRS-2120,58
120,PRS-2121,430
121,PRS-2122,57
122,PRS-2123,241
123,PRS-2124,132
124,PRS-2125,343
125,PRS-2126,348
126,PRS-2127,269
127,PRS-2128,484
128,PRS-2129,99
129,PRS-2130,441
130,PRS-2131,190
131,PRS-2132,480
132,PRS-2133,342
133,PRS-2134,67
134,PRS-2135,300
135,PRS-2136,99
136,PRS-2137,496
137,PRS-2138,134
138,PRS-2139,379
139,PRS-2140,247
140,PRS-2141,499
141,PRS-2142,174
142,PRS-2143,121
143,PRS-2144,269
144,PRS-2145,489
145,PRS-2146,139
146,PRS-2147,399
147,PRS-2148,256
148,PRS-2149,97
149,PRS-2150,465
150,PRS-2151,296
151,PRS-2152,56
152,PRS-2153,84
153,PRS-2154,427
154,PRS-2155,130
155,PRS-2156,332
156,PRS-2157,206
157,PRS-2158,195
158,PRS-2159,240
159,PRS-2160,212
160,PRS-2161,251
161,PRS-2162,309
162,PRS-2163,136
163,PRS-2164,171
164,PRS-2165,19
165,PRS-2166,224
166,PRS-2167,128
167,PRS-2168,283
168,PRS-2169,288
169,PRS-2170,135
170,PRS-2171,33
171,PRS-2172,485
172,PRS-2173,94
173,PRS-2174,414
174,PRS-2175,295
175,PRS-2176,183
176,PRS-2177,79
177,PRS-2178,166
178,PRS-2179,203
179,PRS-2180,465
180,PRS-2181,173
181,PRS-2182,175
182,PRS-2183,101
183,PRS-2184,259
184,PRS-2185,52
185,PRS-2186,387
186,PRS-2187,353
187,PRS-2188,497
188,PRS-2189,496
189,PRS-2190,399
190,PRS-2191,398
191,PRS-2192,74
192,PRS-2193,37
193,PRS-2194,296
194,PRS-2195,28
195,PRS-2196,312
196,PRS-2197,20
197,PRS-2198,251
198,PRS-2199,107
199,PRS-2200,32
200,PRS-2201,64
201,PRS-2202,469
202,PRS-2203,155
203,PRS-2204,260
204,PRS-2205,50
205,PRS-2206,10
206,PRS-2207,130
207,PRS-2208,188
208,PRS-2209,297
209,PRS-2210,264
210,PRS-2211,313
211,PRS-2212,8
212,PRS-2213,218
213,PRS-2214,143
214,PRS-2215,80
215,PRS-2216,457
216,PRS-2217,109
217,PRS-2218,7
218,PRS-2219,168
219,PRS-2220,494
220,PRS-2221,162
221,PRS-2222,446
222,PRS-2223,109
223,PRS-2224,401
224,PRS-2225,489
225,PRS-2226,114
226,PRS-2227,231
227,PRS-2228,50
228,PRS-2229,216
229,PRS-2230,221
230,PRS-2231,99
231,PRS-2232,180
232,PRS-2233,77
233,PRS-2234,39
234,PRS-2235,126
235,PRS-2236,230
236,PRS-2237,46
237,PRS-2238,332
238,PRS-2239,274
239,PRS-2240,379
240,PRS-2241,432
241,PRS-2242,194
242,PRS-2243,238
243,PRS-2244,495
244,PRS-2245,278
245,PRS-2246,22
246,PRS-2247,370
247,PRS-2248,402
248,PRS-2249,111
249,PRS-2250,172
250,PRS-2251,286
251,PRS-2252,267
252,PRS-2253,189
253,PRS-2254,17
254,PRS-2255,4
255,PRS-2256,159
256,PRS-2257,316
257,PRS-2258,38
258,PRS-2259,438
259,PRS-2260,473
260,PRS-2261,118
261,PRS-2262,434
262,PRS-2263,259
263,PRS-2264,199
264,PRS-2265,6
265,PRS-2266,296
266,PRS-2267,343
267,PRS-2268,113
268,PRS-2269,127
269,PRS-2270,58
270,PRS-2271,485
271,PRS-2272,156
272,PRS-2273,21
273,PRS-2274,143
274,PRS-2275,385
275,PRS-2276,145
276,PRS-2277,362
277,PRS-2278,217
278,PRS-2279,284
279,PRS-2280,326
280,PRS-2281,393
281,PRS-2282,186
282,PRS-2283,409
283,PRS-2284,492
284,PRS-2285,441
285,PRS-2286,9
286,PRS-2287,174
287,PRS-2288,343
288,PRS-2289,79
289,PRS-2290,448
290,PRS-2291,204
291,PRS-2292,303
292,PRS-2293,231
293,PRS-2294,117
294,PRS-2295,246
295,PRS-2296,8
296,PRS-2297,368
297,PRS-2298,116
298,PRS-2299,325
299,PRS-2300,418
300,PRS-2301,117
301,PRS-2302,191
302,PRS-2303,484
303,PRS-2304,101
304,PRS-2305,51
305,PRS-2306,191
306,PRS-2307,369
307,PRS-2308,362
308,PRS-2309,16
309,PRS-2310,263
310,PRS-2311,456
311,PRS-2312,12
312,PRS-2313,450
313,PRS-2314,163
314,PRS-2315,440
315,PRS-2316,220
316,PRS-2317,313
317,PRS-2318,482
318,PRS-2319,248
319,PRS-2320,427
320,PRS-2321,333
321,PRS-2322,53
322,PRS-2323,353
323,PRS-2324,326
324,PRS-2325,143
325,PRS-2326,441
326,PRS-2327,85
327,PRS-2328,359
328,PRS-2329,91
329,PRS-2330,47
330,PRS-2331,270
331,PRS-2332,395
332,PRS-2333,207
333,PRS-2334,232
334,PRS-2335,375
335,PRS-2336,383
336,PRS-2337,154
337,PRS-2338,84
338,PRS-2339,492
339,PRS-2340,418
340,PRS-2341,434
341,PRS-2342,191
342,PRS-2343,85
343,PRS-2344,379
344,PRS-2345,128
345,PRS-2346,9
346,PRS-2347,430
347,PRS-2348,174
348,PRS-2349,5
349,PRS-2350,356
350,PRS-2351,434
351,PRS-2352,460
352,PRS-2353,380
353,PRS-2354,155
354,PRS-2355,427
355,PRS-2356,258
356,PRS-2357,82
357,PRS-2358,90
358,PRS-2359,406
359,PRS-2360,307
360,PRS-2361,187
361,PRS-2362,344
362,PRS-2363,110
363,PRS-2364,316
364,PRS-2365,494
365,PRS-2366,291
366,PRS-2367,154
367,PRS-2368,224
368,PRS-2369,21
369,PRS-2370,191
370,PRS-2371,389
371,PRS-2372,322
372,PRS-2373,390
373,PRS-2374,497
374,PRS-2375,305
375,PRS-2376,341
376,PRS-2377,493
377,PRS-2378,387
378,PRS-2379,81
379,PRS-2380,416
380,PRS-2381,338
381,PRS-2382,299
382,PRS-2383,158
383,PRS-2384,161
384,PRS-2385,224
385,PRS-2386,459
386,PRS-2387,169
387,PRS-2388,186
388,PRS-2389,21
389,PRS-2390,29
390,PRS-2391,209
391,PRS-2392,379
392,PRS-2393,359
393,PRS-2394,84
394,PRS-2395,210
395,PRS-2396,442
396,PRS-2397,130
397,PRS-2398,347
398,PRS-2399,392
399,PRS-2400,247
400,PRS-2401,462
401,PRS-2402,7
402,PRS-2403,98
403,PRS-2404,288
404,PRS-2405,387
405,PRS-2406,214
406,PRS-2407,355
407,PRS-2408,311
408,PRS-2409,360
409,PRS-2410,138
410,PRS-2411,208
411,PRS-2412,300
412,PRS-2413,212
413,PRS-2414,11
414,PRS-2415,72
415,PRS-2416,136
416,PRS-2417,341
417,PRS-2418,190
418,PRS-2419,480
419,PRS-2420,206
420,PRS-2421,225
421,PRS-2422,462
422,PRS-2423,262
423,PRS-2424,446
424,PRS-2425,292
425,PRS-2426,179
426,PRS-2427,450
427,PRS-2428,72
428,PRS-2429,66
429,PRS-2430,7
430,PRS-2431,394
431,PRS-2432,160
432,PRS-2433,248
433,PRS-2434,193
434,PRS-2435,391
435,PRS-2436,130
436,PRS-2437,229
437,PRS-2438,290
438,PRS-2439,162
439,PRS-2440,186
440,PRS-2441,23
441,PRS-2442,500
442,PRS-2443,246
443,PRS-2444,384
444,PRS-2445,405
445,PRS-2446,100
446,PRS-2447,202
447,PRS-2448,469
448,PRS-2449,205
449,PRS-2450,48
450,PRS-2451,453
451,PRS-2452,316
452,PRS-2453,465
453,PRS-2454,270
454,PRS-2455,208
455,PRS-2456,113
456,PRS-2457,61
457,PRS-2458,225
458,PRS-2459,294
459,PRS-2460,274
460,PRS-2461,331
461,PRS-2462,37
462,PRS-2463,113
463,PRS-2464,478
464,PRS-2465,180
465,PRS-2466,440
466,PRS-2467,322
467,PRS-2468,202
468,PRS-2469,262
469,PRS-2470,416
470,PRS-2471,254
471,PRS-2472,293
472,PRS-2473,80
473,PRS-2474,394
474,PRS-2475,241
475,PRS-2476,374
476,PRS-2477,284
477,PRS-2478,258
478,PRS-2479,217
479,PRS-2480,272
480,PRS-2481,464
481,PRS-2482,217
482,PRS-2483,485
483,PRS-2484,372
484,PRS-2485,358
485,PRS-2486,481
486,PRS-2487,201
487,PRS-2488,400
488,PRS-2489,354
489,PRS-2490,300
490,PRS-2491,446
491,PRS-2492,410
492,PRS-2493,8
493,PRS-2494,247
494,PRS-2495,376
495,PRS-2496,343
496,PRS-2497,427
497,PRS-2498,4
498,PRS-2499,183
499,PRS-2500,287
500,PRS-2501,470
501,PRS-2502,372
502,PRS-2503,173
503,PRS-2504,312
504,PRS-2505,207
505,PRS-2506,185
506,PRS-2507,394
507,PRS-2508,404
508,PRS-2509,52
509,PRS-2510,114
510,PRS-2511,484
511,PRS-2512,465
512,PRS-2513,226
513,PRS-2514,317
514,PRS-2515,155
515,PRS-2516,289
516,PRS-2517,24
517,PRS-2518,81
518,PRS-2519,299
519,PRS-2520,171
520,PRS-2521,418
521,PRS-2522,397
522,PRS-2523,288
523,PRS-2524,399
524,PRS-2525,158
525,PRS-2526,6
526,PRS-2527,348
527,PRS-2528,460
528,PRS-2529,453
529,PRS-2530,215
530,PRS-2531,28
531,PRS-2532,52
532,PRS-2533,199
533,PRS-2534,477
534,PRS-2535,498
535,PRS-2536,272
536,PRS-2537,93
537,PRS-2538,7
538,PRS-2539,354
539,PRS-2540,225
540,PRS-2541,102
541,PRS-2542,473
542,PRS-2543,216
543,PRS-2544,388
544,PRS-2545,492
545,PRS-2546,167
546,PRS-2547,68
547,PRS-2548,236
548,PRS-2549,455
549,PRS-2550,448
550,PRS-2551,329
551,PRS-2552,326
552,PRS-2553,227
553,PRS-2554,308
554,PRS-2555,269
555,PRS-2556,179
556,PRS-2557,428
557,PRS-2558,230
558,PRS-2559,184
559,PRS-2560,278
560,PRS-2561,337
561,PRS-2562,279
562,PRS-2563,262
563,PRS-2564,186
564,PRS-2565,141
565,PRS-2566,226
566,PRS-2567,182
567,PRS-2568,240
568,PRS-2569,385
569,PRS-2570,445
570,PRS-2571,150
571,PRS-2572,436
572,PRS-2573,240
573,PRS-2574,229
574,PRS-2575,13
575,PRS-2576,55
576,PRS-2577,239
577,PRS-2578,30
578,PRS-2579,159
579,PRS-2580,155
580,PRS-2581,416
581,PRS-2582,81
582,PRS-2583,388
583,PRS-2584,394
584,PRS-2585,398
585,PRS-2586,201
586,PRS-2587,351
587,PRS-2588,377
588,PRS-2589,477
589,PRS-2590,210
590,PRS-2591,104
591,PRS-2592,148
592,PRS-2593,200
593,PRS-2594,438
594,PRS-2595,179
595,PRS-2596,475
596,PRS-2597,80
597,PRS-2598,207
598,PRS-2599,183
599,PRS-2600,3
600,PRS-2601,165
601,PRS-2602,294
602,PRS-2603,364
603,PRS-2604,105
604,PRS-2605,14
605,PRS-2606,292
606,PRS-2607,39
607,PRS-2608,223
608,PRS-2609,128
609,PRS-2610,359
610,PRS-2611,176
611,PRS-2612,98
612,PRS-2613,9
613,PRS-2614,223
614,PRS-2615,151
615,PRS-2616,28
616,PRS-2617,394
617,PRS-2618,180
618,PRS-2619,285
619,PRS-2620,290
620,PRS-2621,126
621,PRS-2622,432
622,PRS-2623,141
623,PRS-2624,130
624,PRS-2625,2
625,PRS-2626,91
626,PRS-2627,76
627,PRS-2628,189
628,PRS-2629,1
629,PRS-2630,330
630,PRS-2631,97
631,PRS-2632,350
632,PRS-2633,307
633,PRS-2634,9
634,PRS-2635,390
635,PRS-2636,231
636,PRS-2637,23
637,PRS-2638,315
638,PRS-2639,356
639,PRS-2640,253
640,PRS-2641,420
641,PRS-2642,368
642,PRS-2643,275
643,PRS-2644,315
644,PRS-2645,195
645,PRS-2646,313
646,PRS-2647,123
647,PRS-2648,300
648,PRS-2649,106
649,PRS-2650,397
650,PRS-2651,443
651,PRS-2652,269
652,PRS-2653,482
653,PRS-2654,265
654,PRS-2655,232
655,PRS-2656,24
656,PRS-2657,493
657,PRS-2658,299
658,PRS-2659,214
659,PRS-2660,115
660,PRS-2661,496
661,PRS-2662,454
662,PRS-2663,450
663,PRS-2664,165
664,PRS-2665,445
665,PRS-2666,313
666,PRS-2667,475
667,PRS-2668,210
668,PRS-2669,419
669,PRS-2670,136
670,PRS-2671,455
671,PRS-2672,378
672,PRS-2673,132
673,PRS-2674,48
674,PRS-2675,433
675,PRS-2676,138
676,PRS-2677,28
677,PRS-2678,1
678,PRS-2679,231
679,PRS-2680,302
680,PRS-2681,468
681,PRS-2682,408
682,PRS-2683,345
683,PRS-2684,160
684,PRS-2685,15
685,PRS-2686,352
686,PRS-2687,143
687,PRS-2688,342
688,PRS-2689,96
689,PRS-2690,56
690,PRS-2691,459
691,PRS-2692,394
692,PRS-2693,416
693,PRS-2694,358
694,PRS-2695,210
695,PRS-2696,441
696,PRS-2697,114
697,PRS-2698,237
698,PRS-2699,58
699,PRS-2700,259
700,PRS-2701,394
701,PRS-2702,288
702,PRS-2703,446
703,PRS-2704,248
704,PRS-2705,194
705,PRS-2706,305
706,PRS-2707,293
707,PRS-2708,492
708,PRS-2709,266
709,PRS-2710,427
710,PRS-2711,34
711,PRS-2712,200
712,PRS-2713,373
713,PRS-2714,335
714,PRS-2715,25
715,PRS-2716,220
716,PRS-2717,346
717,PRS-2718,427
718,PRS-2719,19
719,PRS-2720,254
720,PRS-2721,404
721,PRS-2722,140
722,PRS-2723,1
723,PRS-2724,179
724,PRS-2725,300
725,PRS-2726,15
726,PRS-2727,28
727,PRS-2728,280
728,PRS-2729,91
729,PRS-2730,83
730,PRS-2731,160
731,PRS-2732,151
732,PRS-2733,36
733,PRS-2734,220
734,PRS-2735,41
735,PRS-2736,482
736,PRS-2737,383
737,PRS-2738,494
738,PRS-2739,454
739,PRS-2740,74
740,PRS-2741,314
741,PRS-2742,386
742,PRS-2743,18
743,PRS-2744,89
744,PRS-2745,168
745,PRS-2746,25
746,PRS-2747,290
747,PRS-2748,384
748,PRS-2749,471
749,PRS-2750,291
750,PRS-2751,294
751,PRS-2752,175
752,PRS-2753,89
753,PRS-2754,292
754,PRS-2755,166
755,PRS-2756,422
756,PRS-2757,376
757,PRS-2758,293
758,PRS-2759,137
759,PRS-2760,289
760,PRS-2761,275
761,PRS-2762,254
762,PRS-2763,233
763,PRS-2764,70
764,PRS-2765,422
765,PRS-2766,292
766,PRS-2767,210
767,PRS-2768,488
768,PRS-2769,122
769,PRS-2770,94
770,PRS-2771,195
771,PRS-2772,168
772,PRS-2773,124
773,PRS-2774,10
774,PRS-2775,49
775,PRS-2776,140
776,PRS-2777,32
777,PRS-2778,50
778,PRS-2779,485
779,PRS-2780,57
780,PRS-2781,455
781,PRS-2782,137
782,PRS-2783,36
783,PRS-2784,154
784,PRS-2785,474
785,PRS-2786,449
786,PRS-2787,476
787,PRS-2788,115
788,PRS-2789,371
789,PRS-2790,149
790,PRS-2791,98
791,PRS-2792,236
792,PRS-2793,158
793,PRS-2794,140
794,PRS-2795,81
795,PRS-2796,61
796,PRS-2797,259
797,PRS-2798,342
798,PRS-2799,453
799,PRS-2800,355
800,PRS-2801,261
801,PRS-2802,13
802,PRS-2803,114
803,PRS-2804,254
804,PRS-2805,490
805,PRS-2806,65
806,PRS-2807,52
807,PRS-2808,287
808,PRS-2809,331
809,PRS-2810,257
810,PRS-2811,256
811,PRS-2812,350
812,PRS-2813,71
813,PRS-2814,215
814,PRS-2815,43
815,PRS-2816,247
816,PRS-2817,361
817,PRS-2818,13
818,PRS-2819,471
819,PRS-2820,62
820,PRS-2821,378
821,PRS-2822,56
822,PRS-2823,336
823,PRS-2824,194
824,PRS-2825,417
825,PRS-2826,8
826,PRS-2827,226
827,PRS-2828,390
828,PRS-2829,326
829,PRS-2830,247
830,PRS-2831,79
831,PRS-2832,24
832,PRS-2833,196
833,PRS-2834,413
834,PRS-2835,61
835,PRS-2836,82
836,PRS-2837,467
837,PRS-2838,362
838,PRS-2839,497
839,PRS-2840,353
840,PRS-2841,467
841,PRS-2842,360
842,PRS-2843,219
843,PRS-2844,430
844,PRS-2845,341
845,PRS-2846,306
846,PRS-2847,485
847,PRS-2848,46
848,PRS-2849,394
849,PRS-2850,276
850,PRS-2851,42
851,PRS-2852,495
852,PRS-2853,223
853,PRS-2854,376
854,PRS-2855,79
855,PRS-2856,138
856,PRS-2857,410
857,PRS-2858,328
858,PRS-2859,464
859,PRS-2860,97
860,PRS-2861,289
861,PRS-2862,395
862,PRS-2863,183
863,PRS-2864,406
864,PRS-2865,157
865,PRS-2866,205
866,PRS-2867,43
867,PRS-2868,225
868,PRS-2869,112
869,PRS-2870,128
870,PRS-2871,162
871,PRS-2872,21
872,PRS-2873,124
873,PRS-2874,356
874,PRS-2875,94
875,PRS-2876,475
876,PRS-2877,275
877,PRS-2878,328
878,PRS-2879,182
879,PRS-2880,270
880,PRS-2881,486
881,PRS-2882,289
882,PRS-2883,87
883,PRS-2884,90
884,PRS-2885,454
885,PRS-2886,267
886,PRS-2887,396
887,PRS-2888,279
888,PRS-2889,209
889,PRS-2890,29
890,PRS-2891,383
891,PRS-2892,177
892,PRS-2893,6
893,PRS-2894,197
894,PRS-2895,323
895,PRS-2896,131
896,PRS-2897,128
897,PRS-2898,102
898,PRS-2899,30
899,PRS-2900,202
900,PRS-2901,260
901,PRS-2902,338
902,PRS-2903,43
903,PRS-2904,458
904,PRS-2905,207
905,PRS-2906,67
906,PRS-2907,212
907,PRS-2908,258
908,PRS-2909,486
909,PRS-2910,381
910,PRS-2911,256
911,PRS-2912,417
912,PRS-2913,287
913,PRS-2914,424
914,PRS-2915,482
915,PRS-2916,290
916,PRS-2917,296
917,PRS-2918,316
918,PRS-2919,57
919,PRS-2920,475
920,PRS-2921,338
921,PRS-2922,160
922,PRS-2923,345
923,PRS-2924,417
924,PRS-2925,329
925,PRS-2926,338
926,PRS-2927,403
927,PRS-2928,492
928,PRS-2929,327
929,PRS-2930,29
930,PRS-2931,349
931,PRS-2932,347
932,PRS-2933,338
933,PRS-2934,461
934,PRS-2935,310
935,PRS-2936,59
936,PRS-2937,80
937,PRS-2938,3
938,PRS-2939,52
939,PRS-2940,224
940,PRS-2941,365
941,PRS-2942,37
942,PRS-2943,366
943,PRS-2944,428
944,PRS-2945,434
945,PRS-2946,250
946,PRS-2947,77
947,PRS-2948,157
948,PRS-2949,279
949,PRS-2950,305
950,PRS-2951,163
951,PRS-2952,389
952,PRS-2953,325
953,PRS-2954,258
954,PRS-2955,171
955,PRS-2956,483
956,PRS-2957,198
957,PRS-2958,97
958,PRS-2959,252
959,PRS-2960,136
960,PRS-2961,360
961,PRS-2962,165
962,PRS-2963,409
963,PRS-2964,423
964,PRS-2965,12
965,PRS-2966,437
966,PRS-2967,207
967,PRS-2968,204
968,PRS-2969,40
969,PRS-2970,294
970,PRS-2971,188
971,PRS-2972,418
972,PRS-2973,48
973,PRS-2974,4
974,PRS-2975,217
975,PRS-2976,381
976,PRS-2977,151
977,PRS-2978,292
978,PRS-2979,194
979,PRS-2980,89
980,PRS-2981,289
981,PRS-2982,292
982,PRS-2983,189
983,PRS-2984,183
984,PRS-2985,427
985,PRS-2986,402
986,PRS-2987,243
987,PRS-2988,112
988,PRS-2989,251
989,PRS-2990,225
990,PRS-2991,392
991,PRS-2992,338
992,PRS-2993,462
993,PRS-2994,71
994,PRS-2995,439
995,PRS-2996,35
996,PRS-2997,154
997,PRS-2998,308
998,PRS-2999,173
999,PRS-3000,262
1000,PRS-3001,163
1001,PRS-3002,153
1002,PRS-3003,94
1003,PRS-3004,333
1004,PRS-3005,70
1005,PRS-3006,424
1006,PRS-3007,298
1007,PRS-3008,88
1008,PRS-3009,466
1009,PRS-3010,25
1010,PRS-3011,386
1011,PRS-3012,65
1012,PRS-3013,219
1013,PRS-3014,315
1014,PRS-3015,237
1015,PRS-3016,436
1016,PRS-3017,289
1017,PRS-3018,301
1018,PRS-3019,283
1019,PRS-3020,205
1020,PRS-3021,127
1021,PRS-3022,5
1022,PRS-3023,370
1023,PRS-3024,338
1024,PRS-3025,298
1025,PRS-3026,231
1026,PRS-3027,244
1027,PRS-3028,296
1028,PRS-3029,230
1029,PRS-3030,301
1030,PRS-3031,135
1031,PRS-3032,369
1032,PRS-3033,6
1033,PRS-3034,15
1034,PRS-3035,212
1035,PRS-3036,279
1036,PRS-3037,54
1037,PRS-3038,131
1038,PRS-3039,80
1039,PRS-3040,449
1040,PRS-3041,193
1041,PRS-3042,476
1042,PRS-3043,317
1043,PRS-3044,190
1044,PRS-3045,356
1045,PRS-3046,174
1046,PRS-3047,395
1047,PRS-3048,151
1048,PRS-3049,266
1049,PRS-3050,381
1050,PRS-3051,138
1051,PRS-3052,61
1052,PRS-3053,465
1053,PRS-3054,129
1054,PRS-3055,189
1055,PRS-3056,146
1056,PRS-3057,416
1057,PRS-3058,388
1058,PRS-3059,8
1059,PRS-3060,22
1060,PRS-3061,203
1061,PRS-3062,2
1062,PRS-3063,314
1063,PRS-3064,94
1064,PRS-3065,58
1065,PRS-3066,172
1066,PRS-3067,17
1067,PRS-3068,258
1068,PRS-3069,314
1069,PRS-3070,411
1070,PRS-3071,108
1071,PRS-3072,278
1072,PRS-3073,275
1073,PRS-3074,23
1074,PRS-3075,413
1075,PRS-3076,95
1076,PRS-3077,433
1077,PRS-3078,86
1078,PRS-3079,346
1079,PRS-3080,98
1080,PRS-3081,301
1081,PRS-3082,468
1082,PRS-3083,341
1083,PRS-3084,182
1084,PRS-3085,390
1085,PRS-3086,55
1086,PRS-3087,397
1087,PRS-3088,186
1088,PRS-3089,128
1089,PRS-3090,113
1090,PRS-3091,348
1091,PRS-3092,209
1092,PRS-3093,360
1093,PRS-3094,60
1094,PRS-3095,450
1095,PRS-3096,244
1096,PRS-3097,137
1097,PRS-3098,78
1098,PRS-3099,431
1099,PRS-3100,247
1100,PRS-3101,116
1101,PRS-3102,25
1102,PRS-3103,466
1103,PRS-3104,333
1104,PRS-3105,124
1105,PRS-3106,450
1106,PRS-3107,177
1107,PRS-3108,306
1108,PRS-3109,218
1109,PRS-3110,309
1110,PRS-3111,84
1111,PRS-3112,55
1112,PRS-3113,87
1113,PRS-3114,421
1114,PRS-3115,306
1115,PRS-3116,265
1116,PRS-3117,272
1117,PRS-3118,322
1118,PRS-3119,425
1119,PRS-3120,115
1120,PRS-3121,92
1121,PRS-3122,135
1122,PRS-3123,405
1123,PRS-3124,212
1124,PRS-3125,185
1125,PRS-3126,245
1126,PRS-3127,304
1127,PRS-3128,272
1128,PRS-3129,495
1129,PRS-3130,302
1130,PRS-3131,244
1131,PRS-3132,381
1132,PRS-3133,41
1133,PRS-3134,21
1134,PRS-3135,232
1135,PRS-3136,301
1136,PRS-3137,406
1137,PRS-3138,209
1138,PRS-3139,110
1139,PRS-3140,281
1140,PRS-3141,160
1141,PRS-3142,221
1142,PRS-3143,478
1143,PRS-3144,190
1144,PRS-3145,188
1145,PRS-3146,52
1146,PRS-3147,416
1147,PRS-3148,371
1148,PRS-3149,291
1149,PRS-3150,322
1150,PRS-3151,47
1151,PRS-3152,275
1152,PRS-3153,433
1153,PRS-3154,95
1154,PRS-3155,397
1155,PRS-3156,39
1156,PRS-3157,290
1157,PRS-3158,338
1158,PRS-3159,259
1159,PRS-3160,209
1160,PRS-3161,228
1161,PRS-3162,350
1162,PRS-3163,429
1163,PRS-3164,347
1164,PRS-3165,473
1165,PRS-3166,112
1166,PRS-3167,228
1167,PRS-3168,498
1168,PRS-3169,365
1169,PRS-3170,181
1170,PRS-3171,265
1171,PRS-3172,383
1172,PRS-3173,48
1173,PRS-3174,125
1174,PRS-3175,406
1175,PRS-3176,450
1176,PRS-3177,341
1177,PRS-3178,289
1178,PRS-3179,330
1179,PRS-3180,18
1180,PRS-3181,190
1181,PRS-3182,441
1182,PRS-3183,180
1183,PRS-3184,387
1184,PRS-3185,9
1185,PRS-3186,410
1186,PRS-3187,455
1187,PRS-3188,62
1188,PRS-3189,466
1189,PRS-3190,165
1190,PRS-3191,337
1191,PRS-3192,208
1192,PRS-3193,126
1193,PRS-3194,424
1194,PRS-3195,140
1195,PRS-3196,143
1196,PRS-3197,157
1197,PRS-3198,150
1198,PRS-3199,313
1199,PRS-3200,401
1200,PRS-3201,126
1201,PRS-3202,346
1202,PRS-3203,322
1203,PRS-3204,144
1204,PRS-3205,202
1205,PRS-3206,446
1206,PRS-3207,237
1207,PRS-3208,401
1208,PRS-3209,428
1209,PRS-3210,481
1210,PRS-3211,33
1211,PRS-3212,175
1212,PRS-3213,138
1213,PRS-3214,52
1214,PRS-3215,349
1215,PRS-3216,363
1216,PRS-3217,3
1217,PRS-3218,125
1218,PRS-3219,172
1219,PRS-3220,335
1220,PRS-3221,419
1221,PRS-3222,79
1222,PRS-3223,222
1223,PRS-3224,380
1224,PRS-3225,133
1225,PRS-3226,23
1226,PRS-3227,351
1227,PRS-3228,221
1228,PRS-3229,406
1229,PRS-3230,465
1230,PRS-3231,97
1231,PRS-3232,115
1232,PRS-3233,188
1233,PRS-3234,217
1234,PRS-3235,13
1235,PRS-3236,396
1236,PRS-3237,445
1237,PRS-3238,122
1238,PRS-3239,381
1239,PRS-3240,457
1240,PRS-3241,214
1241,PRS-3242,94
1242,PRS-3243,80
1243,PRS-3244,178
1244,PRS-3245,327
1245,PRS-3246,113
1246,PRS-3247,191
1247,PRS-3248,338
1248,PRS-3249,492
1249,PRS-3250,284
1250,PRS-3251,360
1251,PRS-3252,90
1252,PRS-3253,10
1253,PRS-3254,475
1254,PRS-3255,121
1255,PRS-3256,94
1256,PRS-3257,314
1257,PRS-3258,134
1258,PRS-3259,453
1259,PRS-3260,31
1260,PRS-3261,430
1261,PRS-3262,4
1262,PRS-3263,103
1263,PRS-3264,2
1264,PRS-3265,156
1265,PRS-3266,220
1266,PRS-3267,272
1267,PRS-3268,300
1268,PRS-3269,404
1269,PRS-3270,481
1270,PRS-3271,406
1271,PRS-3272,328
1272,PRS-3273,482
1273,PRS-3274,359
1274,PRS-3275,288
1275,PRS-3276,282
1276,PRS-3277,152
1277,PRS-3278,101
1278,PRS-3279,233
1279,PRS-3280,193
1280,PRS-3281,93
1281,PRS-3282,397
1282,PRS-3283,32
1283,PRS-3284,191
1284,PRS-3285,230
1285,PRS-3286,80
1286,PRS-3287,469
1287,PRS-3288,73
1288,PRS-3289,221
1289,PRS-3290,439
1290,PRS-3291,319
1291,PRS-3292,127
1292,PRS-3293,486
1293,PRS-3294,21
1294,PRS-3295,84
1295,PRS-3296,433
1296,PRS-3297,264
1297,PRS-3298,423
1298,PRS-3299,32
1299,PRS-3300,202
1300,PRS-3301,85
1301,PRS-3302,259
1302,PRS-3303,427
1303,PRS-3304,324
1304,PRS-3305,433
1305,PRS-3306,172
1306,PRS-3307,211
1307,PRS-3308,153
1308,PRS-3309,431
1309,PRS-3310,473
1310,PRS-3311,124
1311,PRS-3312,122
1312,PRS-3313,278
1313,PRS-3314,358
1314,PRS-3315,268
1315,PRS-3316,157
1316,PRS-3317,53
1317,PRS-3318,203
1318,PRS-3319,229
1319,PRS-3320,94
1320,PRS-3321,488
1321,PRS-3322,145
1322,PRS-3323,494
1323,PRS-3324,91
1324,PRS-3325,229
1325,PRS-3326,116
1326,PRS-3327,469
1327,PRS-3328,188
1328,PRS-3329,415
1329,PRS-3330,231
1330,PRS-3331,467
1331,PRS-3332,176
1332,PRS-3333,131
1333,PRS-3334,478
1334,PRS-3335,91
1335,PRS-3336,397
1336,PRS-3337,197
1337,PRS-3338,56
1338,PRS-3339,481
1339,PRS-3340,241
1340,PRS-3341,406
1341,PRS-3342,110
1342,PRS-3343,138
1343,PRS-3344,23
1344,PRS-3345,312
1345,PRS-3346,307
1346,PRS-3347,126
1347,PRS-3348,246
1348,PRS-3349,394
1349,PRS-3350,471
1350,PRS-3351,189
1351,PRS-3352,223
1352,PRS-3353,64
1353,PRS-3354,142
1354,PRS-3355,458
1355,PRS-3356,215
1356,PRS-3357,147
1357,PRS-3358,471
1358,PRS-3359,109
1359,PRS-3360,123
1360,PRS-3361,74
1361,PRS-3362,181
1362,PRS-3363,69
1363,PRS-3364,475
1364,PRS-3365,195
1365,PRS-3366,118
1366,PRS-3367,308
1367,PRS-3368,163
1368,PRS-3369,441
1369,PRS-3370,352
1370,PRS-3371,303
1371,PRS-3372,54
1372,PRS-3373,281
1373,PRS-3374,356
1374,PRS-3375,152
1375,PRS-3376,477
1376,PRS-3377,493
1377,PRS-3378,248
1378,PRS-3379,495
1379,PRS-3380,153
1380,PRS-3381,117
1381,PRS-3382,65
1382,PRS-3383,260
1383,PRS-3384,85
1384,PRS-3385,163
1385,PRS-3386,289
1386,PRS-3387,5
1387,PRS-3388,437
1388,PRS-3389,163
1389,PRS-3390,56
1390,PRS-3391,66
1391,PRS-3392,189
1392,PRS-3393,310
1393,PRS-3394,222
1394,PRS-3395,340
1395,PRS-3396,191
1396,PRS-3397,269
1397,PRS-3398,175
1398,PRS-3399,285
1399,PRS-3400,112
1400,PRS-3401,69
1401,PRS-3402,166
1402,PRS-3403,44
1403,PRS-3404,194
1404,PRS-3405,401
1405,PRS-3406,389
1406,PRS-3407,433
1407,PRS-3408,54
1408,PRS-3409,362
1409,PRS-3410,302
1410,PRS-3411,463
1411,PRS-3412,286
1412,PRS-3413,248
1413,PRS-3414,322
1414,PRS-3415,23
1415,PRS-3416,327
1416,PRS-3417,401
1417,PRS-3418,475
1418,PRS-3419,14
1419,PRS-3420,392
1420,PRS-3421,467
1421,PRS-3422,390
1422,PRS-3423,422
1423,PRS-3424,267
1424,PRS-3425,26
1425,PRS-3426,15
1426,PRS-3427,410
1427,PRS-3428,356
1428,PRS-3429,68
1429,PRS-3430,454
1430,PRS-3431,53
1431,PRS-3432,54
1432,PRS-3433,112
1433,PRS-3434,443
1434,PRS-3435,222
1435,PRS-3436,355
1436,PRS-3437,175
1437,PRS-3438,371
1438,PRS-3439,465
1439,PRS-3440,59
1440,PRS-3441,94
1441,PRS-3442,470
1442,PRS-3443,3
1443,PRS-3444,494
1444,PRS-3445,138
1445,PRS-3446,436
1446,PRS-3447,486
1447,PRS-3448,249
1448,PRS-3449,240
1449,PRS-3450,217
1450,PRS-3451,174
1451,PRS-3452,351
1452,PRS-3453,226
1453,PRS-3454,327
1454,PRS-3455,108
1455,PRS-3456,124
1456,PRS-3457,192
1457,PRS-3458,281
1458,PRS-3459,418
1459,PRS-3460,322
1460,PRS-3461,446
1461,PRS-3462,355
1462,PRS-3463,75
1463,PRS-3464,198
1464,PRS-3465,309
1465,PRS-3466,337
1466,PRS-3467,31
1467,PRS-3468,18
1468,PRS-3469,264
1469,PRS-3470,367
1470,PRS-3471,404
1471,PRS-3472,66
1472,PRS-3473,128
1473,PRS-3474,11
1474,PRS-3475,83
1475,PRS-3476,335
1476,PRS-3477,324
1477,PRS-3478,48
1478,PRS-3479,342
1479,PRS-3480,235
1480,PRS-3481,485
1481,PRS-3482,323
1482,PRS-3483,344
1483,PRS-3484,325
1484,PRS-3485,377
1485,PRS-3486,450
1486,PRS-3487,89
1487,PRS-3488,52
1488,PRS-3489,426
1489,PRS-3490,181
1490,PRS-3491,480
1491,PRS-3492,359
1492,PRS-3493,281
1493,PRS-3494,58
1494,PRS-3495,161
1495,PRS-3496,247
1496,PRS-3497,427
1497,PRS-3498,277
1498,PRS-3499,483
1499,PRS-3500,239
